USE mydb;

# landmass
INSERT INTO Landmass(idLandmass,landmasscol)
VALUES 
	(1,'N.America'), 
	(2,'S.America'),
	(3,'Europe'),
    (4,'Africa'),
    (5, 'Asia'),
    (6,'Oceania');

# zone
INSERT INTO Zone(idZone,zone)
VALUES 
	(1,'NE'), 
	(2,'SE'),
	(3,'SW'),
    (4,'NW');
    
#language
INSERT INTO Language(idLanguage,language_name)
VALUES 
	(1,'English'), 
	(2,'Spanish'),
	(3,'French'),
    (4,'German'),
    (5,'Slavic'),
    (6,'Other Indo-European'),
    (7,'Chinese'),
    (8,'Arabic'),
    (9,'Japonese/Turkish/Finnish/Magyar'),
    (10,'Others');
    
#DELETE FROM Language WHERE idLanguage = 6;
    
#religion
INSERT INTO Religion(idReligion,religion)
VALUES 
	(0,'Catholic'),
	(1,'Other Christian'), 
	(2,'Muslim'),
	(3,'Buddhist'),
    (4,'Hindu'),
    (5,'Ethnic'),
    (6,'Marxist'),
    (7,'Others');
    
#color
INSERT INTO Color(idColor,color)
VALUES 
	(1,'Red'), 
	(2,'Green'),
	(3,'Blue'),
    (4,'Gold'),
    (5,'White'),
    (6,'Black'),
    (7,'Orange'),
    (8,'Brown');


#flag
INSERT INTO Flag(idFlag,bars,strips,ncolours,red,green,blue,gold,white,black,orange,circules,crosses,
saltires,quarters,sunstars,crescent,triangle,icon,animate,text,idMainhue,idTopLeft,idBotRight)
VALUES
	(1,0,3,5,1,1,0,1,1,1,0,0,0,0,0,1,0,0,1,0,0,2,6,2),
	(2,0,0,3,1,0,0,1,0,1,0,0,0,0,0,1,0,0,0,1,0,1,1,1),
	(3,2,0,3,1,1,0,0,1,0,0,0,0,0,0,1,1,0,0,0,0,2,2,5),
	(4,0,0,5,1,0,1,1,1,0,1,0,0,0,0,0,0,1,1,1,0,3,3,1),
	(5,3,0,3,1,0,1,1,0,0,0,0,0,0,0,0,0,0,0,0,0,4,3,1),
	(6,0,2,3,1,0,0,1,0,1,0,0,0,0,0,1,0,0,1,0,0,1,1,6),
	(7,0,1,3,0,0,1,0,1,0,1,0,0,0,0,0,0,0,0,1,0,5,5,3),
	(8,0,1,5,1,0,1,1,1,1,0,0,0,0,0,1,0,1,0,0,0,1,6,1),
	(9,0,3,2,0,0,1,0,1,0,0,0,0,0,0,0,0,0,0,0,0,3,3,3),
	(10,0,3,3,0,0,1,1,1,0,0,0,0,0,0,1,0,0,0,0,0,3,3,3),
	(11,0,0,3,1,0,1,0,1,0,0,0,1,1,1,6,0,0,0,0,0,3,5,3),
	(12,0,3,2,1,0,0,0,1,0,0,0,0,0,0,0,0,0,0,0,0,1,1,1),
	(13,0,3,3,0,0,1,1,0,1,0,0,0,0,0,0,0,1,0,0,0,3,3,3),
	(14,0,0,2,1,0,0,0,1,0,0,0,0,0,0,0,0,0,0,0,0,1,5,1),
	(15,0,0,2,1,1,0,0,0,0,0,1,0,0,0,0,0,0,0,0,0,2,2,2),
	(16,3,0,3,0,0,1,1,0,1,0,0,0,0,0,0,0,0,1,0,0,3,3,3),
	(17,3,0,3,1,0,0,1,0,1,0,0,0,0,0,0,0,0,0,0,0,4,6,1),
	(18,0,2,8,1,1,1,1,1,1,1,1,0,0,0,0,0,0,1,1,1,3,1,1),
	(19,0,0,2,1,1,0,0,0,0,0,0,0,0,0,1,0,0,0,0,0,2,2,2),
	(20,0,0,6,1,1,1,1,1,1,0,1,1,1,1,0,0,0,1,1,0,1,5,1),
	(21,0,0,4,1,0,0,0,1,1,1,4,0,0,0,0,0,0,0,1,0,7,7,1),
	(22,0,3,3,1,1,0,1,0,0,0,0,0,0,0,0,0,0,0,0,0,1,1,2),
	(23,0,5,3,0,0,1,0,1,1,0,0,0,0,0,0,0,0,0,0,0,3,3,3),
	(24,0,0,4,0,1,1,1,1,0,0,1,0,0,0,22,0,0,0,0,1,2,2,2),
	(25,0,0,6,1,1,1,1,1,0,1,0,1,1,1,0,0,0,1,1,1,3,5,3),
	(26,0,0,4,1,0,0,1,1,1,0,0,0,0,0,0,0,1,1,1,1,4,5,4),
	(27,0,3,5,1,1,1,1,1,0,0,0,0,0,0,1,0,0,1,1,0,1,5,1),
	(28,0,2,3,1,1,0,1,0,0,0,0,0,0,0,1,0,0,0,0,0,1,1,2),
	(29,0,0,3,1,0,1,0,1,0,0,0,0,0,1,14,0,0,1,1,0,1,3,1),
	(30,0,0,3,1,1,0,0,1,0,0,1,0,1,0,3,0,0,0,0,0,1,5,5),
	(31,3,0,3,1,1,0,1,0,0,0,0,0,0,0,1,0,0,0,0,0,4,2,4),
	(32,2,0,2,1,0,0,0,1,0,0,0,0,0,0,0,0,0,0,1,0,1,1,1),
	(33,1,2,5,1,1,0,1,0,1,1,0,0,0,0,1,0,0,0,1,0,4,1,2),
	(34,0,0,6,1,1,1,1,1,0,1,1,1,1,1,4,0,0,1,1,1,3,5,3),
	(35,1,0,5,1,1,1,1,1,0,0,0,0,0,0,1,0,0,0,0,0,4,3,4),
	(36,3,0,3,1,0,1,1,0,0,0,0,0,0,0,0,0,0,0,0,0,4,3,1),
	(37,0,2,3,1,0,1,0,1,0,0,0,0,0,1,1,0,0,0,0,0,1,3,1),
	(38,0,0,2,1,0,0,1,0,0,0,0,0,0,0,5,0,0,0,0,0,1,1,1),
	(39,0,3,3,1,0,1,1,0,0,0,0,0,0,0,0,0,0,0,0,0,4,4,1),
	(40,0,0,2,0,1,0,0,1,0,0,0,0,0,0,4,1,0,0,0,0,2,2,2),
	(41,0,0,3,1,1,0,1,0,0,0,0,0,0,0,1,0,0,1,1,0,1,1,1),
	(42,0,0,4,1,0,1,0,1,0,0,1,1,1,1,15,0,0,0,0,0,3,5,3),
	(43,0,5,3,1,0,1,0,1,0,0,0,0,0,0,0,0,0,0,0,0,3,3,3),
	(44,0,5,3,1,0,1,0,1,0,0,0,0,0,0,1,0,1,0,0,0,3,3,3),
	(45,0,0,3,0,1,0,1,1,0,0,0,0,0,0,0,0,0,1,1,0,5,5,5),
	(46,0,0,3,1,0,1,0,1,0,0,0,0,0,0,0,0,1,0,0,0,5,5,1),
	(47,0,0,2,1,0,0,0,1,0,0,0,1,0,0,0,0,0,0,0,0,1,1,1),
	(48,0,0,4,1,1,1,0,1,0,0,0,0,0,0,1,0,1,0,0,0,3,5,2),
	(49,0,0,6,1,1,1,1,1,1,0,1,0,0,0,10,0,0,0,1,0,2,2,2),
	(50,0,0,3,1,0,1,0,1,0,0,0,1,0,0,0,0,0,0,0,0,3,3,3),
	(51,0,3,3,1,0,1,1,0,0,0,0,0,0,0,0,0,0,0,0,0,4,4,1),
	(52,0,3,4,1,0,0,1,1,1,0,0,0,0,0,0,0,0,0,1,1,6,1,6),
	(53,0,3,2,0,0,1,0,1,0,0,0,0,0,0,0,0,0,0,0,0,3,3,3),
	(54,0,3,4,1,1,1,0,1,0,0,0,0,0,0,0,0,1,0,0,0,2,2,1),
	(55,0,3,3,1,1,0,1,0,0,0,0,0,0,0,0,0,0,0,0,0,2,2,1),
	(56,0,0,3,1,0,1,0,1,0,0,0,1,0,0,0,0,0,0,0,0,5,5,5),
	(57,0,0,6,1,1,1,1,1,0,0,1,1,1,1,0,0,0,1,1,1,3,5,3),
	(58,0,0,7,1,1,1,1,1,0,1,0,2,1,1,0,0,0,1,1,0,3,5,3),
	(59,0,0,2,0,0,1,0,1,0,0,0,1,0,0,0,0,0,0,0,0,5,5,5),
	(60,3,0,3,1,0,1,0,1,0,0,0,0,0,0,0,0,0,0,0,0,5,3,1),
	(61,3,0,3,1,0,1,0,1,0,0,0,0,0,0,0,0,0,0,0,0,5,3,1),
	(62,0,3,5,1,0,1,1,1,1,0,1,0,0,0,1,0,0,1,0,0,1,1,1),
	(63,0,3,3,0,1,1,1,0,0,0,0,0,0,0,0,0,0,0,0,0,2,2,3),
	(64,0,5,4,1,1,1,0,1,0,0,0,0,0,0,0,0,0,0,0,0,1,1,2),
	(65,0,3,3,1,0,0,1,0,1,0,0,0,0,0,0,0,0,1,0,0,4,6,4),
	(66,0,3,3,1,0,0,1,0,1,0,0,0,0,0,0,0,0,0,0,0,6,6,4),
	(67,0,3,4,1,1,0,1,0,1,0,0,0,0,0,1,0,0,0,0,0,1,1,2),
	(68,0,1,3,1,0,0,1,1,0,0,0,0,0,0,0,0,0,1,0,0,5,5,1),
	(69,0,9,2,0,0,1,0,1,0,0,0,1,0,1,0,0,0,0,0,0,3,3,3),
	(70,0,0,2,1,0,0,0,1,0,0,1,0,0,0,0,0,0,0,0,0,5,5,1),
	(71,0,0,3,1,1,0,1,0,0,0,1,0,0,0,7,0,1,0,1,0,4,1,1),
	(72,0,0,7,1,1,1,1,1,0,1,0,0,0,0,0,0,0,1,1,1,3,1,1),
	(73,3,0,2,0,0,1,0,1,0,0,0,0,0,0,0,0,0,0,0,0,3,3,3),
	(74,3,0,3,1,1,0,1,0,0,0,0,0,0,0,0,0,0,0,0,0,4,1,2),
	(75,1,2,4,1,1,0,1,0,1,0,0,0,0,0,1,0,0,0,0,0,4,1,2),
	(76,0,0,5,1,1,0,1,1,1,0,0,0,0,0,0,0,1,0,0,0,2,6,2),
	(77,2,0,2,1,0,0,0,0,1,0,0,0,0,0,0,0,0,0,0,0,6,6,1),
	(78,0,3,2,0,0,1,0,1,0,0,0,0,0,0,5,0,0,0,0,0,3,3,3),
	(79,0,0,6,1,1,1,1,1,0,1,1,1,1,1,0,0,0,1,1,1,3,5,3),
	(80,0,3,3,1,1,0,0,1,0,0,0,0,0,0,0,0,0,0,0,0,1,1,2),
	(81,0,0,3,1,0,1,0,1,0,0,0,1,0,0,0,0,0,0,0,0,3,3,3),
	(82,0,3,4,0,1,1,0,1,0,1,1,0,0,0,0,0,0,1,0,0,7,7,2),
	(83,0,2,2,1,0,0,0,1,0,0,0,0,0,0,0,0,0,0,0,0,1,1,5),
	(84,0,3,3,1,1,0,0,1,0,0,0,0,0,0,0,0,0,1,0,1,1,2,1),
	(85,0,3,4,1,1,0,0,1,1,0,0,0,0,0,3,0,0,0,0,0,1,1,6),
	(86,3,0,3,0,1,0,0,1,0,1,0,0,0,0,0,0,0,0,0,0,5,2,7),
	(87,0,2,2,0,0,1,0,1,0,0,0,0,0,0,1,0,0,0,0,0,5,3,3),
	(88,3,0,3,1,1,0,0,1,0,0,0,0,0,0,0,0,0,0,0,0,5,2,1),
	(89,3,0,3,1,1,0,0,1,0,0,0,0,0,0,0,0,0,0,0,0,5,1,2),
	(90,0,0,3,0,1,0,1,0,1,0,0,0,1,0,0,0,1,0,0,0,2,4,4),
	(91,0,0,2,1,0,0,0,1,0,0,1,0,0,0,1,0,0,0,0,0,5,5,5),
	(92,0,3,4,1,1,0,0,1,1,0,0,0,0,0,1,0,1,0,0,0,6,6,2),
	(93,0,0,2,1,0,0,1,0,0,0,0,0,0,0,0,0,0,1,0,0,1,1,1),
	(94,0,5,4,1,1,0,0,1,1,0,1,0,0,0,0,0,0,1,0,0,1,6,2),
	(95,0,0,4,1,0,1,1,1,0,0,0,0,0,0,1,0,0,1,1,0,1,1,3),
	(96,0,3,4,1,1,0,0,1,1,0,0,0,0,0,0,0,0,0,0,0,2,2,1),
	(97,0,3,3,1,0,1,0,1,0,0,1,0,0,0,0,0,0,0,0,0,1,1,1),
	(98,0,2,4,1,1,0,0,1,0,1,0,0,0,0,0,0,0,0,1,0,1,1,1),
	(99,2,0,4,1,1,1,0,1,0,0,0,0,0,0,0,0,0,1,0,0,3,2,3),
	(100,0,11,3,1,0,1,0,1,0,0,0,0,0,1,1,0,0,0,0,0,1,3,1),
	(101,0,0,1,0,1,0,0,0,0,0,0,0,0,0,0,0,0,0,0,0,2,2,2),
	(102,0,2,3,1,0,1,1,0,0,0,0,0,0,0,0,0,0,1,0,0,1,3,1),
	(103,0,3,3,1,0,1,0,1,0,0,0,0,0,0,0,0,0,0,0,0,1,1,3),
	(104,1,2,3,1,1,0,0,1,0,0,0,0,0,0,0,0,0,0,0,0,1,5,2),
	(105,0,3,3,1,1,0,0,0,1,0,0,0,0,0,1,0,0,0,0,0,1,6,2),
	(106,0,14,4,1,0,1,1,1,0,0,0,0,0,1,1,1,0,0,0,0,1,3,5),
	(107,0,0,3,1,1,0,0,1,0,0,0,0,0,0,0,1,0,0,0,0,1,1,1),
	(108,3,0,3,1,1,0,1,0,0,0,0,0,0,0,0,0,0,0,0,0,4,2,1),
	(109,2,0,3,1,0,0,0,1,1,0,0,1,0,0,0,0,0,1,0,0,1,5,1),
	(110,0,0,3,0,0,1,0,1,0,0,0,0,0,0,1,0,0,1,0,0,3,3,3),
	(111,0,0,2,0,1,0,1,0,0,0,0,0,0,0,1,1,0,0,0,0,2,2,2),
	(112,0,4,4,1,1,1,1,0,0,0,0,0,0,0,0,0,0,0,0,0,1,1,2),
	(113,3,0,4,1,1,0,0,1,0,1,0,0,0,0,0,0,0,0,1,0,2,2,1),
	(114,0,0,2,0,0,1,0,1,0,0,0,0,0,0,4,0,0,0,0,0,3,3,3),
	(115,0,2,2,1,0,0,0,1,0,0,0,0,0,0,0,0,0,0,0,0,1,1,5),
	(116,3,0,3,1,0,1,1,0,0,0,2,0,0,0,1,1,1,1,0,0,1,1,1),
	(117,0,0,7,1,1,1,1,1,1,0,0,2,1,1,0,0,0,1,1,0,3,5,3),
	(118,0,0,2,1,1,0,0,0,0,0,0,0,0,0,1,0,0,0,0,0,1,1,1),
	(119,0,5,5,1,1,0,1,1,1,0,0,0,0,0,1,0,1,1,0,0,4,2,4),
	(120,0,3,3,0,0,1,1,1,0,0,0,0,0,0,1,0,0,0,0,0,3,3,3),
	(121,0,0,3,0,0,1,0,1,0,1,0,0,0,0,2,1,0,0,0,0,8,3,3),
	(122,0,3,3,1,0,1,0,1,0,0,0,0,0,0,0,0,0,0,0,0,1,1,3),
	(123,0,1,3,1,0,1,0,1,0,0,0,0,0,0,6,0,0,0,0,0,5,5,5),
	(124,0,0,3,1,0,1,0,1,0,0,0,1,1,1,4,0,0,0,0,0,3,5,3),
	(125,0,3,2,0,0,1,0,1,0,0,0,0,0,0,0,0,0,0,0,0,3,3,3),
	(126,0,3,3,0,1,0,0,1,0,1,1,0,0,0,0,0,0,0,0,0,7,7,2),
	(127,3,0,2,0,1,0,0,1,0,0,0,0,0,0,0,0,0,0,0,0,2,2,2),
	(128,0,0,4,1,0,1,1,1,0,0,1,1,1,1,5,0,0,0,0,0,4,5,4),
	(129,0,5,3,1,0,1,0,1,0,0,1,0,0,0,1,0,0,0,0,0,3,3,3),
	(130,0,3,4,1,1,0,0,1,1,0,0,0,0,0,1,0,0,0,0,0,1,1,6),
	(131,0,0,3,1,0,1,0,1,0,0,0,1,0,0,0,0,0,0,0,0,1,1,1),
	(132,0,2,3,1,1,0,0,1,0,0,0,0,0,0,0,0,0,1,0,0,1,1,2),
	(133,1,0,2,0,1,0,0,1,0,0,0,0,0,0,1,1,0,0,0,0,2,5,2),
	(134,0,0,3,1,0,1,0,1,0,0,0,0,0,4,2,0,0,0,0,0,1,5,5),
	(135,0,0,4,1,0,0,1,1,1,0,0,0,0,0,5,0,1,0,1,0,6,1,6),
	(136,0,3,6,1,1,1,1,1,1,0,1,0,0,0,1,0,0,1,1,1,1,1,3),
	(137,3,0,2,1,0,0,0,1,0,0,0,0,0,0,0,0,0,0,0,0,1,1,1),
	(138,0,0,4,1,0,1,1,1,0,0,0,0,0,0,4,0,1,0,0,0,3,3,1),
	(139,0,2,2,1,0,0,0,1,0,0,0,0,0,0,0,0,0,0,0,0,5,5,1),
	(140,0,0,5,1,1,1,1,1,0,0,1,0,0,0,0,0,0,1,0,0,1,2,1),
	(141,0,5,3,1,0,1,0,1,0,0,0,0,0,0,1,0,1,0,0,0,1,1,1),
	(142,0,0,2,0,0,0,0,1,0,1,0,0,0,0,0,0,0,0,0,0,8,5,8),
	(143,3,0,7,1,1,1,1,1,0,1,0,0,0,0,2,0,0,1,1,1,1,3,1),
	(144,3,0,4,1,1,0,1,0,1,0,0,0,0,0,0,0,0,0,0,1,1,1,2),
	(145,0,2,2,0,0,1,0,1,0,0,0,0,0,0,0,0,0,0,0,0,5,5,3),
	(146,0,3,4,1,1,0,1,0,1,0,0,0,0,0,2,0,1,0,0,0,2,2,2),
	(147,0,0,2,0,1,0,0,1,0,0,0,0,0,0,0,0,0,1,0,1,2,2,2),
	(148,3,0,3,1,1,0,1,0,0,0,0,0,0,0,1,0,0,0,0,0,2,2,1),
	(149,0,0,3,1,1,0,0,1,0,0,0,0,0,0,0,0,0,0,0,0,1,1,2),
	(150,0,3,3,0,1,1,0,1,0,0,0,0,0,0,0,0,0,0,0,0,2,2,3),
	(151,0,2,2,1,0,0,0,1,0,0,0,0,0,0,5,1,0,0,0,0,5,1,5),
	(152,0,0,4,0,1,1,1,1,0,0,0,0,0,0,5,0,1,0,0,0,2,3,2),
	(153,0,0,2,0,0,1,0,1,0,0,0,0,0,0,1,0,0,0,0,0,3,3,3),
	(154,0,3,5,1,1,1,0,1,0,1,0,1,1,0,0,0,0,0,0,0,7,7,3),
	(155,0,0,4,1,0,1,0,1,1,0,1,0,0,0,0,0,0,1,0,0,5,5,5),
	(156,0,3,4,1,0,1,0,1,1,0,0,0,0,0,1,0,1,0,0,0,1,1,6),
	(157,0,3,2,1,0,0,1,0,0,0,0,0,0,0,0,0,0,0,0,0,1,1,1),
	(158,2,0,4,0,1,0,1,0,0,1,0,0,0,0,0,0,0,1,1,0,4,4,4),
	(159,0,0,7,1,1,1,1,1,0,1,0,1,1,1,0,0,0,1,0,0,3,5,3),
	(160,0,0,5,1,1,0,1,1,1,0,0,0,0,0,2,0,1,0,0,0,2,2,1),
	(161,0,0,4,0,0,1,1,1,1,0,0,0,0,0,0,0,1,0,0,0,3,3,3),
	(162,5,0,4,0,1,1,1,1,0,0,0,0,0,0,0,0,0,1,1,1,2,3,2),
	(163,0,3,4,1,1,0,0,1,1,0,0,0,0,0,0,0,1,0,0,0,1,1,6),
	(164,0,5,4,1,1,0,1,1,0,0,0,0,0,0,1,0,0,0,0,0,1,2,2),
	(165,0,5,7,1,0,1,1,1,1,1,0,0,0,0,0,0,0,1,0,0,3,3,3),
	(166,0,0,2,0,0,1,1,0,0,0,0,1,0,0,0,0,0,0,0,0,3,3,3),
	(167,0,0,2,1,0,0,0,1,0,0,0,1,0,0,0,0,0,0,0,0,1,1,1),
	(168,0,3,4,1,1,0,0,1,1,0,0,0,0,0,2,0,0,0,0,0,1,1,6),
	(169,0,0,3,1,0,1,0,1,0,0,1,0,0,1,1,0,0,0,0,0,1,3,1),
	(170,0,0,4,0,1,1,1,0,1,0,0,0,0,0,0,0,1,0,0,0,2,2,3),
	(171,0,5,3,1,0,1,0,1,0,0,0,0,0,0,0,0,0,0,0,0,1,1,1),
	(172,0,5,4,1,1,0,1,1,0,0,0,0,0,1,1,0,0,0,0,0,2,1,2),
	(173,0,0,2,1,0,0,0,1,0,0,0,1,0,1,0,0,0,0,0,0,1,5,1),
	(174,0,0,3,1,0,0,0,1,1,0,0,0,0,0,0,0,1,0,0,0,1,5,5),
	(175,0,0,2,1,0,0,0,1,0,0,1,0,0,0,1,1,0,0,0,0,1,1,1),
	(176,0,0,2,1,0,0,0,1,0,0,0,0,0,0,1,1,0,0,0,0,1,1,1),
	(177,0,0,6,1,1,1,1,1,0,1,0,1,1,1,0,0,0,1,1,0,3,5,3),
	(178,0,0,5,1,0,1,1,1,0,0,0,1,1,1,9,0,0,0,0,0,3,5,3),
	(179,1,3,4,1,1,0,0,1,1,0,0,0,0,0,0,0,0,0,0,0,2,1,6),
	(180,0,6,5,1,0,0,1,1,1,0,1,0,0,0,0,0,0,0,1,0,4,6,1),
	(181,0,0,3,1,0,1,0,1,0,0,0,1,1,0,0,0,0,0,0,0,1,5,1),
	(182,0,9,3,0,0,1,1,1,0,0,0,0,0,1,1,0,0,0,0,0,5,5,5),
	(183,0,0,6,1,1,1,1,1,0,0,0,0,0,0,0,0,0,1,1,1,5,5,5),
	(184,0,13,3,1,0,1,0,1,0,0,0,0,0,1,50,0,0,0,0,0,5,3,1),
	(185,0,0,2,1,0,0,1,0,0,0,0,0,0,0,1,0,0,1,0,0,1,1,1),
	(186,0,0,4,1,1,0,1,0,1,0,0,0,0,0,0,0,1,0,1,0,1,6,2),
	(187,2,0,4,1,0,0,1,1,1,0,0,0,0,0,0,0,0,1,0,0,4,4,5),
	(188,0,3,7,1,1,1,1,1,1,1,0,0,0,0,7,0,0,1,1,0,1,4,1),
	(189,0,0,2,1,0,0,1,0,0,0,0,0,0,0,1,0,0,0,0,0,1,1,1),
	(190,0,0,3,1,0,1,0,1,0,0,0,0,0,1,5,0,0,0,0,0,1,3,1),
	(191,0,3,4,1,0,1,1,1,0,0,0,0,0,0,1,0,0,0,0,0,1,3,1),
	(192,0,0,4,1,1,0,1,0,0,1,1,0,0,0,0,0,0,1,1,0,2,2,2),
	(193,3,0,4,1,1,0,0,0,1,1,0,0,0,0,0,0,0,0,1,0,2,2,8),
	(194,0,7,5,1,1,0,1,1,1,0,0,0,0,0,1,0,1,1,1,0,2,2,2);



#DELETE FROM Country WHERE idCountry = 1;

#country
INSERT INTO Country(idCountry,name_country,landmass,zone,area,population,language_country,religion,flag)
VALUES
	(1,'Afghanistan',5,1,648,16,10,2,1),
    (2,'Albania',3,1,29,3,6,6,2),
    (3,'Algeria',4,1,2388,20,8,2,3),
    (4,'American-Samoa',6,3,0,0,1,1,4),
    (5,'Andorra',3,1,0,0,6,0,5),
    (6,'Angola',4,2,1247,7,10,5,6),
    (7,'Anguilla',1,4,0,0,1,1,7),
    (8,'Antigua-Barbuda',1,4,0,0,1,1,8),
    (9,'Argentina',2,3,2777,28,2,0,9),
    (10,'Argentine',2,3,2777,28,2,0,10),
    (11,'Australia',6,2,7690,15,1,1,11),
    (12,'Austria',3,1,84,8,4,0,12),
    (13,'Bahamas',1,4,19,0,1,1,13),
    (14,'Bahrain',5,1,1,0,8,2,14),
    (15,'Bangladesh',5,1,143,90,6,2,15),
    (16,'Barbados',1,4,0,0,1,1,16),
    (17,'Belgium',3,1,31,10,6,0,17),
    (18,'Belize',1,4,23,0,1,1,18),
    (19,'Benin',4,1,113,3,3,5,19),
    (20,'Bermuda',1,4,0,0,1,1,20),
    (21,'Bhutan',5,1,47,1,10,3,21),
    (22,'Bolivia',2,3,1099,6,2,0,22),
    (23,'Botswana',4,2,600,1,10,5,23),
    (24,'Brazil',2,3,8512,119,6,0,24),
    (25,'British-Virgin-Isles',1,4,0,0,1,1,25),
    (26,'Brunei',5,1,6,0,10,2,26),
    (27,'Bulgaria',3,1,111,9,5,6,27),
    (28,'Burkina',4,4,274,7,3,5,28),
    (29,'Burma',5,1,678,35,10,3,29),
    (30,'Burundi',4,2,28,4,10,5,30),
    (31,'Cameroon',4,1,474,8,3,1,31),
    (32,'Canada',1,4,9976,24,1,1,32),
    (33,'Cape-Verde-Islands',4,4,4,0,6,0,33),
    (34,'Cayman-Islands',1,4,0,0,1,1,34),
    (35,'Central-African-Republic',4,1,623,2,10,5,35),
    (36,'Chad',4,1,1284,4,3,5,36),
    (37,'Chile',2,3,757,11,2,0,37),
    (38,'China',5,1,9561,1008,7,6,38),
    (39,'Colombia',2,4,1139,28,2,0,39),
    (40,'Comorro-Islands',4,2,2,0,3,2,40),
    (41,'Congo',4,2,342,2,10,5,41),
    (42,'Cook-Islands',6,3,0,0,1,1,42),
    (43,'Costa-Rica',1,4,51,2,2,0,43),
    (44,'Cuba',1,4,115,10,2,6,44),
    (45,'Cyprus',3,1,9,1,6,1,45),
    (46,'Czechoslovakia',3,1,128,15,5,6,46),
    (47,'Denmark',3,1,43,5,6,1,47),
    (48,'Djibouti',4,1,22,0,3,2,48),
    (49,'Dominica',1,4,0,0,1,1,49),
    (50,'Dominican-Republic',1,4,49,6,2,0,50),
    (51,'Ecuador',2,3,284,8,2,0,51),
    (52,'Egypt',4,1,1001,47,8,2,52),
    (53,'El-Salvador',1,4,21,5,2,0,53),
    (54,'Equatorial-Guinea',4,1,28,0,10,5,54),
    (55,'Ethiopia',4,1,1222,31,10,1,55),
    (56,'Faeroes',3,4,1,0,6,1,56),
    (57,'Falklands-Malvinas',2,3,12,0,1,1,57),
    (58,'Fiji',6,2,18,1,1,1,58),
    (59,'Finland',3,1,337,5,9,1,59),
    (60,'France',3,1,547,54,3,0,60),
    (61,'French-Guiana',2,4,91,0,3,0,61),
    (62,'French-Polynesia',6,3,4,0,3,0,62),
    (63,'Gabon',4,2,268,1,10,5,63),
    (64,'Gambia',4,4,10,1,1,5,64),
    (65,'Germany-DDR',3,1,108,17,4,6,65),
    (66,'Germany-FRG',3,1,249,61,4,1,66),
    (67,'Ghana',4,4,239,14,1,5,67),
    (68,'Gibraltar',3,4,0,0,1,1,68),
    (69,'Greece',3,1,132,10,6,1,69),
    (70,'Greenland',1,4,2176,0,6,1,70),
    (71,'Grenada',1,4,0,0,1,1,71),
    (72,'Guam',6,1,0,0,1,1,72),
    (73,'Guatemala',1,4,109,8,2,0,73),
    (74,'Guinea',4,4,246,6,3,2,74),
    (75,'Guinea-Bissau',4,4,36,1,6,5,75),
    (76,'Guyana',2,4,215,1,1,4,76),
    (77,'Haiti',1,4,28,6,3,0,77),
    (78,'Honduras',1,4,112,4,2,0,78),
    (79,'Hong-Kong',5,1,1,5,7,3,79),
    (80,'Hungary',3,1,93,11,9,6,80),
    (81,'Iceland',3,4,103,0,6,1,81),
    (82,'India',5,1,3268,684,6,4,82),
    (83,'Indonesia',6,2,1904,157,10,2,83),
    (84,'Iran',5,1,1648,39,6,2,84),
    (85,'Iraq',5,1,435,14,8,2,85),
    (86,'Ireland',3,4,70,3,1,0,86),
    (87,'Israel',5,1,21,4,10,7,87),
    (88,'Italy',3,1,301,57,6,0,88),
    (89,'Ivory-Coast',4,4,323,7,3,5,89),
    (90,'Jamaica',1,4,11,2,1,1,90),
    (91,'Japan',5,1,372,118,9,7,91),
    (92,'Jordan',5,1,98,2,8,2,92),
    (93,'Kampuchea',5,1,181,6,10,3,93),
    (94,'Kenya',4,1,583,17,10,5,94),
    (95,'Kiribati',6,1,0,0,1,1,95),
    (96,'Kuwait',5,1,18,2,8,2,96),
    (97,'Laos',5,1,236,3,10,6,97),
    (98,'Lebanon',5,1,10,3,8,2,98),
    (99,'Lesotho',4,2,30,1,10,5,99),
    (100,'Liberia',4,4,111,1,10,5,100),
    (101,'Libya',4,1,1760,3,8,2,101),
    (102,'Liechtenstein',3,1,0,0,4,0,102),
    (103,'Luxembourg',3,1,3,0,4,0,103),
    (104,'Malagasy',4,2,587,9,10,1,104),
    (105,'Malawi',4,2,118,6,10,5,105),
    (106,'Malaysia',5,1,333,13,10,2,106),
    (107,'Maldive-Islands',5,1,0,0,10,2,107),
    (108,'Mali',4,4,1240,7,3,2,108),
    (109,'Malta',3,1,0,0,10,0,109),
    (110,'Marianas',6,1,0,0,10,1,110);






