USE mydb;

# landmass
INSERT INTO Landmass(idLandmass,landmasscol)
VALUES 
	(1,'N.America'), 
	(2,'S.America'),
	(3,'Europe'),
    (4,'Africa'),
    (5, 'Asia'),
    (6,'Oceania');

# zone
INSERT INTO Zone(idZone,zone)
VALUES 
	(1,'NE'), 
	(2,'SE'),
	(3,'SW'),
    (4,'NW');
    
#language
INSERT INTO Language(idLanguage,language)
VALUES 
	(1,'English'), 
	(2,'Spanish'),
	(3,'French'),
    (4,'German'),
    (5,'Slavic'),
    (6,'Other Indo-European'),
    (7,'Chinese'),
    (8,'Arabic');
    
#DELETE FROM Language WHERE idLanguage = 6;
    
#religion
INSERT INTO Religion(idReligion,religion)
VALUES 
	(0,'Catholic'),
	(1,'Other Christian'), 
	(2,'Muslim'),
	(3,'Buddhist'),
    (4,'Hindu'),
    (5,'Ethnic'),
    (6,'Marxist'),
    (7,'Others');
    
#color
INSERT INTO Color(idColor,color)
VALUES 
	(1,'Red'), 
	(2,'Green'),
	(3,'Blue'),
    (4,'Gold'),
    (5,'White'),
    (6,'Black'),
    (7,'Orange'),
    (8,'Brown');


#flag
INSERT INTO Flag(idFlag,bars,strips,ncolours,red,green,blue,gold,white,black,orange,circules,crosses,
saltires,quarters,sunstars,crescent,triangle,icon,animate,text,idMainhue,idTopLeft,idBotRight)
VALUES
	(1,0,3,5,1,1,0,1,1,1,0,0,0,0,0,1,0,0,1,0,0,2,6,2),
	(2,0,0,3,1,0,0,1,0,1,0,0,0,0,0,1,0,0,0,1,0,1,1,1),
	(3,2,0,3,1,1,0,0,1,0,0,0,0,0,0,1,1,0,0,0,0,2,2,5),
	(4,0,0,5,1,0,1,1,1,0,1,0,0,0,0,0,0,1,1,1,0,3,3,1),
	(5,3,0,3,1,0,1,1,0,0,0,0,0,0,0,0,0,0,0,0,0,4,3,1),
	(6,0,2,3,1,0,0,1,0,1,0,0,0,0,0,1,0,0,1,0,0,1,1,6),
	(7,0,1,3,0,0,1,0,1,0,1,0,0,0,0,0,0,0,0,1,0,5,5,3),
	(8,0,1,5,1,0,1,1,1,1,0,0,0,0,0,1,0,1,0,0,0,1,6,1),
	(9,0,3,2,0,0,1,0,1,0,0,0,0,0,0,0,0,0,0,0,0,3,3,3),
	(10,0,3,3,0,0,1,1,1,0,0,0,0,0,0,1,0,0,0,0,0,3,3,3),
	(11,0,0,3,1,0,1,0,1,0,0,0,1,1,1,6,0,0,0,0,0,3,5,3),
	(12,0,3,2,1,0,0,0,1,0,0,0,0,0,0,0,0,0,0,0,0,1,1,1),
	(13,0,3,3,0,0,1,1,0,1,0,0,0,0,0,0,0,1,0,0,0,3,3,3),
	(14,0,0,2,1,0,0,0,1,0,0,0,0,0,0,0,0,0,0,0,0,1,5,1),
	(15,0,0,2,1,1,0,0,0,0,0,1,0,0,0,0,0,0,0,0,0,2,2,2),
	(16,3,0,3,0,0,1,1,0,1,0,0,0,0,0,0,0,0,1,0,0,3,3,3),
	(17,3,0,3,1,0,0,1,0,1,0,0,0,0,0,0,0,0,0,0,0,4,6,1),
	(18,0,2,8,1,1,1,1,1,1,1,1,0,0,0,0,0,0,1,1,1,3,1,1),
	(19,0,0,2,1,1,0,0,0,0,0,0,0,0,0,1,0,0,0,0,0,2,2,2),
	(20,0,0,6,1,1,1,1,1,1,0,1,1,1,1,0,0,0,1,1,0,1,5,1),
	(21,0,0,4,1,0,0,0,1,1,1,4,0,0,0,0,0,0,0,1,0,7,7,1),
	(22,0,3,3,1,1,0,1,0,0,0,0,0,0,0,0,0,0,0,0,0,1,1,2),
	(23,0,5,3,0,0,1,0,1,1,0,0,0,0,0,0,0,0,0,0,0,3,3,3),
	(24,0,0,4,0,1,1,1,1,0,0,1,0,0,0,22,0,0,0,0,1,2,2,2),
	(25,0,0,6,1,1,1,1,1,0,1,0,1,1,1,0,0,0,1,1,1,3,5,3),
	(26,0,0,4,1,0,0,1,1,1,0,0,0,0,0,0,0,1,1,1,1,4,5,4),
	(27,0,3,5,1,1,1,1,1,0,0,0,0,0,0,1,0,0,1,1,0,1,5,1),
	(28,0,2,3,1,1,0,1,0,0,0,0,0,0,0,1,0,0,0,0,0,1,1,2),
	(29,0,0,3,1,0,1,0,1,0,0,0,0,0,1,14,0,0,1,1,0,1,3,1),
	(30,0,0,3,1,1,0,0,1,0,0,1,0,1,0,3,0,0,0,0,0,1,5,5),
	(31,3,0,3,1,1,0,1,0,0,0,0,0,0,0,1,0,0,0,0,0,4,2,4),
	(32,2,0,2,1,0,0,0,1,0,0,0,0,0,0,0,0,0,0,1,0,1,1,1),
	(33,1,2,5,1,1,0,1,0,1,1,0,0,0,0,1,0,0,0,1,0,4,1,2),
	(34,0,0,6,1,1,1,1,1,0,1,1,1,1,1,4,0,0,1,1,1,3,5,3),
	(35,1,0,5,1,1,1,1,1,0,0,0,0,0,0,1,0,0,0,0,0,4,3,4),
	(36,3,0,3,1,0,1,1,0,0,0,0,0,0,0,0,0,0,0,0,0,4,3,1),
	(37,0,2,3,1,0,1,0,1,0,0,0,0,0,1,1,0,0,0,0,0,1,3,1),
	(38,0,0,2,1,0,0,1,0,0,0,0,0,0,0,5,0,0,0,0,0,1,1,1),
	(39,0,3,3,1,0,1,1,0,0,0,0,0,0,0,0,0,0,0,0,0,4,4,1),
	(40,0,0,2,0,1,0,0,1,0,0,0,0,0,0,4,1,0,0,0,0,2,2,2),
	(41,0,0,3,1,1,0,1,0,0,0,0,0,0,0,1,0,0,1,1,0,1,1,1),
	(42,0,0,4,1,0,1,0,1,0,0,1,1,1,1,15,0,0,0,0,0,3,5,3),
	(43,0,5,3,1,0,1,0,1,0,0,0,0,0,0,0,0,0,0,0,0,3,3,3),
	(44,0,5,3,1,0,1,0,1,0,0,0,0,0,0,1,0,1,0,0,0,3,3,3),
	(45,0,0,3,0,1,0,1,1,0,0,0,0,0,0,0,0,0,1,1,0,5,5,5),
	(46,0,0,3,1,0,1,0,1,0,0,0,0,0,0,0,0,1,0,0,0,5,5,1),
	(47,0,0,2,1,0,0,0,1,0,0,0,1,0,0,0,0,0,0,0,0,1,1,1),
	(48,0,0,4,1,1,1,0,1,0,0,0,0,0,0,1,0,1,0,0,0,3,5,2),
	(49,0,0,6,1,1,1,1,1,1,0,1,0,0,0,10,0,0,0,1,0,2,2,2),
	(50,0,0,3,1,0,1,0,1,0,0,0,1,0,0,0,0,0,0,0,0,3,3,3),
	(51,0,3,3,1,0,1,1,0,0,0,0,0,0,0,0,0,0,0,0,0,4,4,1),
	(52,0,3,4,1,0,0,1,1,1,0,0,0,0,0,0,0,0,0,1,1,6,1,6),
	(53,0,3,2,0,0,1,0,1,0,0,0,0,0,0,0,0,0,0,0,0,3,3,3),
	(54,0,3,4,1,1,1,0,1,0,0,0,0,0,0,0,0,1,0,0,0,2,2,1),
	(55,0,3,3,1,1,0,1,0,0,0,0,0,0,0,0,0,0,0,0,0,2,2,1),
	(56,0,0,3,1,0,1,0,1,0,0,0,1,0,0,0,0,0,0,0,0,5,5,5),
	(57,0,0,6,1,1,1,1,1,0,0,1,1,1,1,0,0,0,1,1,1,3,5,3),
	(58,0,0,7,1,1,1,1,1,0,1,0,2,1,1,0,0,0,1,1,0,3,5,3),
	(59,0,0,2,0,0,1,0,1,0,0,0,1,0,0,0,0,0,0,0,0,5,5,5),
	(60,3,0,3,1,0,1,0,1,0,0,0,0,0,0,0,0,0,0,0,0,5,3,1),
	(61,3,0,3,1,0,1,0,1,0,0,0,0,0,0,0,0,0,0,0,0,5,3,1),
	(62,0,3,5,1,0,1,1,1,1,0,1,0,0,0,1,0,0,1,0,0,1,1,1),
	(63,0,3,3,0,1,1,1,0,0,0,0,0,0,0,0,0,0,0,0,0,2,2,3),
	(64,0,5,4,1,1,1,0,1,0,0,0,0,0,0,0,0,0,0,0,0,1,1,2),
	(65,0,3,3,1,0,0,1,0,1,0,0,0,0,0,0,0,0,1,0,0,4,6,4),
	(66,0,3,3,1,0,0,1,0,1,0,0,0,0,0,0,0,0,0,0,0,6,6,4),
	(67,0,3,4,1,1,0,1,0,1,0,0,0,0,0,1,0,0,0,0,0,1,1,2),
	(68,0,1,3,1,0,0,1,1,0,0,0,0,0,0,0,0,0,1,0,0,5,5,1),
	(69,0,9,2,0,0,1,0,1,0,0,0,1,0,1,0,0,0,0,0,0,3,3,3),
	(70,0,0,2,1,0,0,0,1,0,0,1,0,0,0,0,0,0,0,0,0,5,5,1),
	(71,0,0,3,1,1,0,1,0,0,0,1,0,0,0,7,0,1,0,1,0,4,1,1),
	(72,0,0,7,1,1,1,1,1,0,1,0,0,0,0,0,0,0,1,1,1,3,1,1),
	(73,3,0,2,0,0,1,0,1,0,0,0,0,0,0,0,0,0,0,0,0,3,3,3),
	(74,3,0,3,1,1,0,1,0,0,0,0,0,0,0,0,0,0,0,0,0,4,1,2),
	(75,1,2,4,1,1,0,1,0,1,0,0,0,0,0,1,0,0,0,0,0,4,1,2),
	(76,0,0,5,1,1,0,1,1,1,0,0,0,0,0,0,0,1,0,0,0,2,6,2),
	(77,2,0,2,1,0,0,0,0,1,0,0,0,0,0,0,0,0,0,0,0,6,6,1),
	(78,0,3,2,0,0,1,0,1,0,0,0,0,0,0,5,0,0,0,0,0,3,3,3),
	(79,0,0,6,1,1,1,1,1,0,1,1,1,1,1,0,0,0,1,1,1,3,5,3),
	(80,0,3,3,1,1,0,0,1,0,0,0,0,0,0,0,0,0,0,0,0,1,1,2),
	(81,0,0,3,1,0,1,0,1,0,0,0,1,0,0,0,0,0,0,0,0,3,3,3),
	(82,0,3,4,0,1,1,0,1,0,1,1,0,0,0,0,0,0,1,0,0,7,7,2),
	(83,0,2,2,1,0,0,0,1,0,0,0,0,0,0,0,0,0,0,0,0,1,1,5),
	(84,0,3,3,1,1,0,0,1,0,0,0,0,0,0,0,0,0,1,0,1,1,2,1),
	(85,0,3,4,1,1,0,0,1,1,0,0,0,0,0,3,0,0,0,0,0,1,1,6),
	(86,3,0,3,0,1,0,0,1,0,1,0,0,0,0,0,0,0,0,0,0,5,2,7),
	(87,0,2,2,0,0,1,0,1,0,0,0,0,0,0,1,0,0,0,0,0,5,3,3),
	(88,3,0,3,1,1,0,0,1,0,0,0,0,0,0,0,0,0,0,0,0,5,2,1),
	(89,3,0,3,1,1,0,0,1,0,0,0,0,0,0,0,0,0,0,0,0,5,1,2),
	(90,0,0,3,0,1,0,1,0,1,0,0,0,1,0,0,0,1,0,0,0,2,4,4),
	(91,0,0,2,1,0,0,0,1,0,0,1,0,0,0,1,0,0,0,0,0,5,5,5),
	(92,0,3,4,1,1,0,0,1,1,0,0,0,0,0,1,0,1,0,0,0,6,6,2),
	(93,0,0,2,1,0,0,1,0,0,0,0,0,0,0,0,0,0,1,0,0,1,1,1),
	(94,0,5,4,1,1,0,0,1,1,0,1,0,0,0,0,0,0,1,0,0,1,6,2),
	(95,0,0,4,1,0,1,1,1,0,0,0,0,0,0,1,0,0,1,1,0,1,1,3),
	(96,0,3,4,1,1,0,0,1,1,0,0,0,0,0,0,0,0,0,0,0,2,2,1),
	(97,0,3,3,1,0,1,0,1,0,0,1,0,0,0,0,0,0,0,0,0,1,1,1),
	(98,0,2,4,1,1,0,0,1,0,1,0,0,0,0,0,0,0,0,1,0,1,1,1),
	(99,2,0,4,1,1,1,0,1,0,0,0,0,0,0,0,0,0,1,0,0,3,2,3),
	(100,0,11,3,1,0,1,0,1,0,0,0,0,0,1,1,0,0,0,0,0,1,3,1),
	(101,0,0,1,0,1,0,0,0,0,0,0,0,0,0,0,0,0,0,0,0,2,2,2),
	(102,0,2,3,1,0,1,1,0,0,0,0,0,0,0,0,0,0,1,0,0,1,3,1),
	(103,0,3,3,1,0,1,0,1,0,0,0,0,0,0,0,0,0,0,0,0,1,1,3),
	(104,1,2,3,1,1,0,0,1,0,0,0,0,0,0,0,0,0,0,0,0,1,5,2),
	(105,0,3,3,1,1,0,0,0,1,0,0,0,0,0,1,0,0,0,0,0,1,6,2),
	(106,0,14,4,1,0,1,1,1,0,0,0,0,0,1,1,1,0,0,0,0,1,3,5),
	(107,0,0,3,1,1,0,0,1,0,0,0,0,0,0,0,1,0,0,0,0,1,1,1),
	(108,3,0,3,1,1,0,1,0,0,0,0,0,0,0,0,0,0,0,0,0,4,2,1),
	(109,2,0,3,1,0,0,0,1,1,0,0,1,0,0,0,0,0,1,0,0,1,5,1),
	(110,0,0,3,0,0,1,0,1,0,0,0,0,0,0,1,0,0,1,0,0,3,3,3),
	(111,0,0,2,0,1,0,1,0,0,0,0,0,0,0,1,1,0,0,0,0,2,2,2),
	(112,0,4,4,1,1,1,1,0,0,0,0,0,0,0,0,0,0,0,0,0,1,1,2),
	(113,3,0,4,1,1,0,0,1,0,1,0,0,0,0,0,0,0,0,1,0,2,2,1),
	(114,0,0,2,0,0,1,0,1,0,0,0,0,0,0,4,0,0,0,0,0,3,3,3),
	(115,0,2,2,1,0,0,0,1,0,0,0,0,0,0,0,0,0,0,0,0,1,1,5),
	(116,3,0,3,1,0,1,1,0,0,0,2,0,0,0,1,1,1,1,0,0,1,1,1),
	(117,0,0,7,1,1,1,1,1,1,0,0,2,1,1,0,0,0,1,1,0,3,5,3),
	(118,0,0,2,1,1,0,0,0,0,0,0,0,0,0,1,0,0,0,0,0,1,1,1),
	(119,0,5,5,1,1,0,1,1,1,0,0,0,0,0,1,0,1,1,0,0,4,2,4),
	(120,0,3,3,0,0,1,1,1,0,0,0,0,0,0,1,0,0,0,0,0,3,3,3),
	(121,0,0,3,0,0,1,0,1,0,1,0,0,0,0,2,1,0,0,0,0,8,3,3),
	(122,0,3,3,1,0,1,0,1,0,0,0,0,0,0,0,0,0,0,0,0,1,1,3),
	(123,0,1,3,1,0,1,0,1,0,0,0,0,0,0,6,0,0,0,0,0,5,5,5),
	(124,0,0,3,1,0,1,0,1,0,0,0,1,1,1,4,0,0,0,0,0,3,5,3),
	(125,0,3,2,0,0,1,0,1,0,0,0,0,0,0,0,0,0,0,0,0,3,3,3),
	(126,0,3,3,0,1,0,0,1,0,1,1,0,0,0,0,0,0,0,0,0,7,7,2),
	(127,3,0,2,0,1,0,0,1,0,0,0,0,0,0,0,0,0,0,0,0,2,2,2),
	(128,0,0,4,1,0,1,1,1,0,0,1,1,1,1,5,0,0,0,0,0,4,5,4),
	(129,0,5,3,1,0,1,0,1,0,0,1,0,0,0,1,0,0,0,0,0,3,3,3),
	(130,0,3,4,1,1,0,0,1,1,0,0,0,0,0,1,0,0,0,0,0,1,1,6),
	(131,0,0,3,1,0,1,0,1,0,0,0,1,0,0,0,0,0,0,0,0,1,1,1),
	(132,0,2,3,1,1,0,0,1,0,0,0,0,0,0,0,0,0,1,0,0,1,1,2),
	(133,1,0,2,0,1,0,0,1,0,0,0,0,0,0,1,1,0,0,0,0,2,5,2),
	(134,0,0,3,1,0,1,0,1,0,0,0,0,0,4,2,0,0,0,0,0,1,5,5),
	(135,0,0,4,1,0,0,1,1,1,0,0,0,0,0,5,0,1,0,1,0,6,1,6),
	(136,0,3,6,1,1,1,1,1,1,0,1,0,0,0,1,0,0,1,1,1,1,1,3),
	(137,3,0,2,1,0,0,0,1,0,0,0,0,0,0,0,0,0,0,0,0,1,1,1),
	(138,0,0,4,1,0,1,1,1,0,0,0,0,0,0,4,0,1,0,0,0,3,3,1),
	(139,0,2,2,1,0,0,0,1,0,0,0,0,0,0,0,0,0,0,0,0,5,5,1),
	(140,0,0,5,1,1,1,1,1,0,0,1,0,0,0,0,0,0,1,0,0,1,2,1),
	(141,0,5,3,1,0,1,0,1,0,0,0,0,0,0,1,0,1,0,0,0,1,1,1),
	(142,0,0,2,0,0,0,0,1,0,1,0,0,0,0,0,0,0,0,0,0,8,5,8),
	(143,3,0,7,1,1,1,1,1,0,1,0,0,0,0,2,0,0,1,1,1,1,3,1),
	(144,3,0,4,1,1,0,1,0,1,0,0,0,0,0,0,0,0,0,0,1,1,1,2),
	(145,0,2,2,0,0,1,0,1,0,0,0,0,0,0,0,0,0,0,0,0,5,5,3),
	(146,0,3,4,1,1,0,1,0,1,0,0,0,0,0,2,0,1,0,0,0,2,2,2),
	(147,0,0,2,0,1,0,0,1,0,0,0,0,0,0,0,0,0,1,0,1,2,2,2),
	(148,3,0,3,1,1,0,1,0,0,0,0,0,0,0,1,0,0,0,0,0,2,2,1),
	(149,0,0,3,1,1,0,0,1,0,0,0,0,0,0,0,0,0,0,0,0,1,1,2),
	(150,0,3,3,0,1,1,0,1,0,0,0,0,0,0,0,0,0,0,0,0,2,2,3),
	(151,0,2,2,1,0,0,0,1,0,0,0,0,0,0,5,1,0,0,0,0,5,1,5),
	(152,0,0,4,0,1,1,1,1,0,0,0,0,0,0,5,0,1,0,0,0,2,3,2),
	(153,0,0,2,0,0,1,0,1,0,0,0,0,0,0,1,0,0,0,0,0,3,3,3),
	(154,0,3,5,1,1,1,0,1,0,1,0,1,1,0,0,0,0,0,0,0,7,7,3),
	(155,0,0,4,1,0,1,0,1,1,0,1,0,0,0,0,0,0,1,0,0,5,5,5),
	(156,0,3,4,1,0,1,0,1,1,0,0,0,0,0,1,0,1,0,0,0,1,1,6),
	(157,0,3,2,1,0,0,1,0,0,0,0,0,0,0,0,0,0,0,0,0,1,1,1),
	(158,2,0,4,0,1,0,1,0,0,1,0,0,0,0,0,0,0,1,1,0,4,4,4),
	(159,0,0,7,1,1,1,1,1,0,1,0,1,1,1,0,0,0,1,0,0,3,5,3),
	(160,0,0,5,1,1,0,1,1,1,0,0,0,0,0,2,0,1,0,0,0,2,2,1),
	(161,0,0,4,0,0,1,1,1,1,0,0,0,0,0,0,0,1,0,0,0,3,3,3),
	(162,5,0,4,0,1,1,1,1,0,0,0,0,0,0,0,0,0,1,1,1,2,3,2),
	(163,0,3,4,1,1,0,0,1,1,0,0,0,0,0,0,0,1,0,0,0,1,1,6),
	(164,0,5,4,1,1,0,1,1,0,0,0,0,0,0,1,0,0,0,0,0,1,2,2),
	(165,0,5,7,1,0,1,1,1,1,1,0,0,0,0,0,0,0,1,0,0,3,3,3),
	(166,0,0,2,0,0,1,1,0,0,0,0,1,0,0,0,0,0,0,0,0,3,3,3),
	(167,0,0,2,1,0,0,0,1,0,0,0,1,0,0,0,0,0,0,0,0,1,1,1),
	(168,0,3,4,1,1,0,0,1,1,0,0,0,0,0,2,0,0,0,0,0,1,1,6),
	(169,0,0,3,1,0,1,0,1,0,0,1,0,0,1,1,0,0,0,0,0,1,3,1),
	(170,0,0,4,0,1,1,1,0,1,0,0,0,0,0,0,0,1,0,0,0,2,2,3),
	(171,0,5,3,1,0,1,0,1,0,0,0,0,0,0,0,0,0,0,0,0,1,1,1),
	(172,0,5,4,1,1,0,1,1,0,0,0,0,0,1,1,0,0,0,0,0,2,1,2),
	(173,0,0,2,1,0,0,0,1,0,0,0,1,0,1,0,0,0,0,0,0,1,5,1),
	(174,0,0,3,1,0,0,0,1,1,0,0,0,0,0,0,0,1,0,0,0,1,5,5),
	(175,0,0,2,1,0,0,0,1,0,0,1,0,0,0,1,1,0,0,0,0,1,1,1),
	(176,0,0,2,1,0,0,0,1,0,0,0,0,0,0,1,1,0,0,0,0,1,1,1),
	(177,0,0,6,1,1,1,1,1,0,1,0,1,1,1,0,0,0,1,1,0,3,5,3),
	(178,0,0,5,1,0,1,1,1,0,0,0,1,1,1,9,0,0,0,0,0,3,5,3),
	(179,1,3,4,1,1,0,0,1,1,0,0,0,0,0,0,0,0,0,0,0,2,1,6),
	(180,0,6,5,1,0,0,1,1,1,0,1,0,0,0,0,0,0,0,1,0,4,6,1),
	(181,0,0,3,1,0,1,0,1,0,0,0,1,1,0,0,0,0,0,0,0,1,5,1),
	(182,0,9,3,0,0,1,1,1,0,0,0,0,0,1,1,0,0,0,0,0,5,5,5),
	(183,0,0,6,1,1,1,1,1,0,0,0,0,0,0,0,0,0,1,1,1,5,5,5),
	(184,0,13,3,1,0,1,0,1,0,0,0,0,0,1,50,0,0,0,0,0,5,3,1),
	(185,0,0,2,1,0,0,1,0,0,0,0,0,0,0,1,0,0,1,0,0,1,1,1),
	(186,0,0,4,1,1,0,1,0,1,0,0,0,0,0,0,0,1,0,1,0,1,6,2),
	(187,2,0,4,1,0,0,1,1,1,0,0,0,0,0,0,0,0,1,0,0,4,4,5),
	(188,0,3,7,1,1,1,1,1,1,1,0,0,0,0,7,0,0,1,1,0,1,4,1),
	(189,0,0,2,1,0,0,1,0,0,0,0,0,0,0,1,0,0,0,0,0,1,1,1),
	(190,0,0,3,1,0,1,0,1,0,0,0,0,0,1,5,0,0,0,0,0,1,3,1),
	(191,0,3,4,1,0,1,1,1,0,0,0,0,0,0,1,0,0,0,0,0,1,3,1),
	(192,0,0,4,1,1,0,1,0,0,1,1,0,0,0,0,0,0,1,1,0,2,2,2),
	(193,3,0,4,1,1,0,0,0,1,1,0,0,0,0,0,0,0,0,1,0,2,2,8),
	(194,0,7,5,1,1,0,1,1,1,0,0,0,0,0,1,0,1,1,1,0,2,2,2);

/*
#country
INSERT INTO Country(idCountry,name,landmass,zone,area,population,language,religion,flag)
VALUES
	(1,'Afghanistan',5,1,648,16,10,2,1),
    (2,'Albania',3,1,29,3,6,6,2),
    (3,'Algeria',4,1,2388,20,8,2,3),
    (4,'American-Samoa',6,3,0,0,1,1,4),
    (5,'Andorra',3,1,0,0,6,0,5),
    (6,'Angola',4,2,1247,7,10,5,6),
    (7,'Anguilla',1,4,0,0,1,1,7),
    (8,'Antigua-Barbuda',1,4,0,0,1,1,8),
    (9,'Argentina',2,3,2777,28,2,0,9),
    (10,'Argentine',2,3,2777,28,2,0,10);
   /* ,
    (11,11),
    (12,12),
    (13,13),
    (14,14),
    (15,15),
    (16,16),
    (17,17),
    (18,18),
    (19,19),
    (20,20),
    (21,21),
    (22,22),
    (23,23),
    (24,24),
    (25,25),
    (26,26),
    (27,27),
    (28,28),
    (29,29),
    (30,30),
    (31,31),
    (32,32),
    (33,33),
    (34,34),
    (35,35),
    (36,36),
    (37,37),
    (38,38),
    (39,39),
    (40,40),
    (41,41),
    (42,42),
    (43,43),
    (44,44),
    (45,45),
    (46,46),
    (47,47),
    (48,48),
    (49,49),
    (50,50),
    (51,51),(52,52),(53,53),(54,54),(55,55),(56,56),(57,57),(58,58),(59,59),(60,60),(61,61),(62,62),(63,63),(64,64),(65,65),(66,66),(67,67),(68,68),(69,69),(70,70),(71,71),(72,72),(73,73),(74,74),(75,75),(76,76),(77,77),(78,78),(79,79),(80,80),(81,81),(82,82),(83,83),(84,84),(85,85),(86,86),(87,87),(88,88),(89,89),(90,90),(91,91),(92,92),(93,93),(94,94),(95,95),(96,96),(97,97),(98,98),(99,99),(100,100),(101,101),(102,102),(103,103),(104,104),(105,105),(106,106),(107,107),(108,108),(109,109),(110,110),(111,111),(112,112),(113,113),(114,114),(115,115),(116,116),(117,117),(118,118),(119,119),(120,120),(121,121),(122,122),(123,123),(124,124),(125,125),(126,126),(127,127),(128,128),(129,129),(130,130),(131,131),(132,132),(133,133),(134,134),(135,135),(136,136),(137,137),(138,138),(139,139),(140,140),(141,141),(142,142),(143,143),(144,144),(145,145),(146,146),(147,147),(148,148),(149,149),(150,150),(151,151),(152,152),(153,153),(154,154),(155,155),(156,156),(157,157),(158,158),(159,159),(160,160),(161,161),(162,162),(163,163),(164,164),(165,165),(166,166),(167,167),(168,168),(169,169),(170,170),(171,171),(172,172),(173,173),(174,174),(175,175),(176,176),(177,177),(178,178),(179,179),(180,180),(181,181),(182,182),(183,183),(184,184),(185,185),(186,186),(187,187),(188,188),(189,189),(190,190),(191,191),(192,192),(193,193),(194,194);

;

*/





